creator_id,nickname,creator_type,persona_tags,pgy_url,profile_url,followers_count,liked_collected_count,quote_price,video_quote_price,budget_status,daily_read_median,daily_interaction_median,natural_cpe,image_cpm,video_cpm,status,topic_point
pgy-ref:662169d800000000030318b1,鸠占鹊巢咖啡,海外留学生,海外留学生、听课宝参考优质达人、留学/海外身份,https://pgy.xiaohongshu.com/solar/pre-trade/blogger-detail/662169d800000000030318b1?track_id=kolSimilar_c603830ff28a483096a78bf43a3256bc&source=Advertiser_Kol,https://www.xiaohongshu.com/user/profile/662169d800000000030318b1,1900.0,21000.0,650.0,650.0,通过,3582.0,122.0,2.21,,32.2,待补数据,海外留学生；参考合作形式：视频；阅读中位数 3582.0；互动中位数 122.0
pgy-ref:66f760ae000000001d031096,蝴蝶西,海外留学生,海外留学生、听课宝参考优质达人、留学/海外身份,https://pgy.xiaohongshu.com/solar/pre-trade/blogger-detail/66f760ae000000001d031096?track_id=kolSearch_8e4496a0594048f59da15b39754196a0&fromRoute=Advertiser_Kol&source=Advertiser_Kol,https://www.xiaohongshu.com/user/profile/66f760ae000000001d031096,4400.0,123000.0,900.0,,通过,3699.0,552.0,4.52,108.23,,待补数据,海外留学生；参考合作形式：图文；阅读中位数 3699.0；互动中位数 552.0
pgy-ref:5dbe843a0000000001006b32,养一只秋秋.,海外留学生,海外留学生、听课宝参考优质达人、留学/海外身份,https://pgy.xiaohongshu.com/solar/pre-trade/blogger-detail/5dbe843a0000000001006b32?track_id=kolSearch_3711f5126ebe4ad99215e2db5e5fc84f&fromRoute=Advertiser_Kol&source=Advertiser_Kol,https://www.xiaohongshu.com/user/profile/5dbe843a0000000001006b32,4700.0,51000.0,700.0,700.0,通过,1370.0,132.0,3.58,,65.85,待补数据,海外留学生；参考合作形式：视频；阅读中位数 1370.0；互动中位数 132.0
pgy-ref:5488004db4c4d66cc3eb0f4b,大jio,留学背景,留学背景、听课宝参考优质达人、留学/海外身份,https://pgy.xiaohongshu.com/solar/pre-trade/blogger-detail/5488004db4c4d66cc3eb0f4b?track_id=kolSimilar_564be2cf54314ab6b0349a3ef71c8573&fromRoute=Advertiser_Kol&source=Advertiser_Kol,https://www.xiaohongshu.com/user/profile/5488004db4c4d66cc3eb0f4b,4100.0,36000.0,700.0,700.0,通过,3502.0,116.0,2.59,,13.51,待补数据,留学背景；参考合作形式：视频；阅读中位数 3502.0；互动中位数 116.0
pgy-ref:606500ca0000000001001d6a,雨雨木木喵,海外留学生,海外留学生、听课宝参考优质达人、留学/海外身份,https://pgy.xiaohongshu.com/solar/pre-trade/blogger-detail/606500ca0000000001001d6a?track_id=kolSimilar_50f67bcdeb1349199be82029e95d0caf&fromRoute=Advertiser_Kol&source=Advertiser_Kol,https://www.xiaohongshu.com/user/profile/606500ca0000000001001d6a,4700.0,337000.0,751.0,751.0,通过,3474.0,426.0,0.99,,29.04,待补数据,海外留学生；参考合作形式：视频；阅读中位数 3474.0；互动中位数 426.0
pgy-ref:5f82aa07000000000101e3ae,机智馍馍儿,海外留学生,海外留学生、听课宝参考优质达人、留学/海外身份,https://pgy.xiaohongshu.com/solar/pre-trade/blogger-detail/5f82aa07000000000101e3ae?track_id=kolMatch_1037a1cdac064374b6029805529030e5&fromRoute=Advertiser_Kol&source=Advertiser_Kol,https://www.xiaohongshu.com/user/profile/5f82aa07000000000101e3ae,3500.0,128000.0,866.0,866.0,通过,1177.0,115.0,3.01,,41.25,待补数据,海外留学生；参考合作形式：视频；阅读中位数 1177.0；互动中位数 115.0
pgy-ref:5a8ffea1e8ac2b1faa7a60ec,Lisenn,海外留学生,海外留学生、听课宝参考优质达人、留学/海外身份,https://pgy.xiaohongshu.com/solar/pre-trade/blogger-detail/5a8ffea1e8ac2b1faa7a60ec?track_id=kolSimilar_2a4f51a158f649069df62eac7f56d9fb&fromRoute=Advertiser_Kol&source=Advertiser_Kol,https://www.xiaohongshu.com/user/profile/5a8ffea1e8ac2b1faa7a60ec,1800.0,15000.0,712.0,712.0,通过,412.0,54.0,1.24,,52.66,待补数据,海外留学生；参考合作形式：视频；阅读中位数 412.0；互动中位数 54.0
pgy-ref:60b46fde0000000001008091,c.a_r0line,海外留学生,海外留学生、听课宝参考优质达人、留学/海外身份,https://pgy.xiaohongshu.com/solar/pre-trade/blogger-detail/60b46fde0000000001008091?track_id=kolGeneralSearch_abe92fb9550b4f6eb3291ed96e88f046&fromRoute=Advertiser_Kol&source=Advertiser_Kol,https://www.xiaohongshu.com/user/profile/60b46fde0000000001008091,2800.0000000000005,24000.0,882.0,882.0,通过,2041.0,374.0,1.26,,44.86,待补数据,海外留学生；参考合作形式：视频；阅读中位数 2041.0；互动中位数 374.0
pgy-ref:5a8b8ca14eacab4028be1fc7,Winterr:),海外留学生,海外留学生、听课宝参考优质达人、留学/海外身份,https://pgy.xiaohongshu.com/solar/pre-trade/blogger-detail/5a8b8ca14eacab4028be1fc7,https://www.xiaohongshu.com/user/profile/5a8b8ca14eacab4028be1fc7,8000.0,68000.0,950.0,950.0,通过,3491.0,374.0,3.77,,57.43,待补数据,海外留学生；参考合作形式：视频；阅读中位数 3491.0；互动中位数 374.0
pgy-ref:65b90809000000000e0271a8,小李_,海外留学生,海外留学生、听课宝参考优质达人、留学/海外身份,https://pgy.xiaohongshu.com/solar/pre-trade/blogger-detail/65b90809000000000e0271a8?track_id=kolSimilar_515fffbb79bf47c2ab54e4e99109704f&source=Advertiser_Similar_Kol,https://www.xiaohongshu.com/user/profile/65b90809000000000e0271a8,6200.0,42000.0,1100.0,1100.0,超预算,2405.0,224.0,2.52,,76.27,待补数据,海外留学生；参考合作形式：视频；阅读中位数 2405.0；互动中位数 224.0
pgy-ref:5f24e60f000000000101ce0e,下次一定早起,海外留学生,海外留学生、听课宝参考优质达人、留学/海外身份,https://pgy.xiaohongshu.com/solar/pre-trade/blogger-detail/5f24e60f000000000101ce0e?track_id=kolSimilar_16f3322506ad41b59e07940e43f999e0&source=Advertiser_Similar_Kol,https://www.xiaohongshu.com/user/profile/5f24e60f000000000101ce0e,3000.0,50000.0,500.0,500.0,通过,973.0,137.0,2.84,,105.31,待补数据,海外留学生；参考合作形式：视频；阅读中位数 973.0；互动中位数 137.0
pgy-ref:5b5d5aad4eacab124715b952,iiivy,留学背景,留学背景、听课宝参考优质达人、留学/海外身份,https://pgy.xiaohongshu.com/solar/pre-trade/blogger-detail/5b5d5aad4eacab124715b952?track_id=kolSimilar_d29b51074b8740a8ae3763ad486dc3f5&source=Advertiser_Similar_Kol,https://www.xiaohongshu.com/user/profile/5b5d5aad4eacab124715b952,13000.0,217000.0,900.0,900.0,通过,15725.0,1939.0,2.22,,46.43,待补数据,留学背景；参考合作形式：视频；阅读中位数 15725.0；互动中位数 1939.0
pgy-ref:563b4c03e58d1329732df1fb,每天五点半起床的狗,海外留学生,海外留学生、听课宝参考优质达人、留学/海外身份,https://pgy.xiaohongshu.com/solar/pre-trade/blogger-detail/563b4c03e58d1329732df1fb?track_id=kolSimilar_e2437dc356f54cfd9d1646de3c682f29&source=Advertiser_Similar_Kol,https://www.xiaohongshu.com/user/profile/563b4c03e58d1329732df1fb,9300.0,134000.0,638.0,,通过,1895.0,572.0,1.17,46.77,,待补数据,海外留学生；参考合作形式：图文；阅读中位数 1895.0；互动中位数 572.0
pgy-ref:6412a4cc0000000011020224,y1wennn,海外留学生,海外留学生、听课宝参考优质达人、留学/海外身份,https://pgy.xiaohongshu.com/solar/pre-trade/blogger-detail/6412a4cc0000000011020224?track_id=kolSimilar_5c80bf32239d4fdf84d3690b73d0dc73&source=Advertiser_Similar_Kol,https://www.xiaohongshu.com/user/profile/6412a4cc0000000011020224,2500.0,37000.0,380.0,,通过,1670.0,329.0,1.38,56.89,,待补数据,海外留学生；参考合作形式：图文；阅读中位数 1670.0；互动中位数 329.0
pgy-ref:62dcde47000000001f01618d,叶子四点后不喝咖啡,海外留学生,海外留学生、听课宝参考优质达人、留学/海外身份,https://pgy.xiaohongshu.com/solar/pre-trade/blogger-detail/62dcde47000000001f01618d?track_id=kolSimilar_35a4402342cd46eba969b420d9a0ac8d&source=Advertiser_Similar_Kol,https://www.xiaohongshu.com/user/profile/62dcde47000000001f01618d,2400.0,75000.0,700.0,700.0,通过,2480.0,461.0,1.08,,74.05,待补数据,海外留学生；参考合作形式：视频；阅读中位数 2480.0；互动中位数 461.0
pgy-ref:58c54059a9b2ed4284615848,拽羊羊,留学背景,留学背景、听课宝参考优质达人、留学/海外身份,https://pgy.xiaohongshu.com/solar/pre-trade/blogger-detail/58c54059a9b2ed4284615848?track_id=kolSimilar_e37aa14b32df41dca3e0d00d13a7f1eb&source=Advertiser_Similar_Kol,https://www.xiaohongshu.com/user/profile/58c54059a9b2ed4284615848,4600.0,118000.0,885.0,885.0,通过,3019.0,431.0,1.39,,34.3,待补数据,留学背景；参考合作形式：视频；阅读中位数 3019.0；互动中位数 431.0
pgy-ref:58b8e54882ec39378e983b4f,优秀哈哈怪,留学背景,留学背景、听课宝参考优质达人、留学/海外身份,https://pgy.xiaohongshu.com/solar/pre-trade/blogger-detail/58b8e54882ec39378e983b4f?track_id=kolSimilar_50f67bcdeb1349199be82029e95d0caf&fromRoute=Advertiser_Kol&source=Advertiser_Kol,https://www.xiaohongshu.com/user/profile/58b8e54882ec39378e983b4f,4200.0,54000.0,800.0,800.0,通过,13380.0,535.0,0.93,,6.37,待补数据,留学背景；参考合作形式：视频；阅读中位数 13380.0；互动中位数 535.0
pgy-ref:56df596faed7581736078e98,33yyviiw,海外留学生,海外留学生、听课宝参考优质达人、留学/海外身份,https://pgy.xiaohongshu.com/solar/pre-trade/blogger-detail/56df596faed7581736078e98?track_id=kolMatch_bfcbb4e848944f24b0157a786d5a96bf&fromRoute=Advertiser_Kol&source=Advertiser_Kol,https://www.xiaohongshu.com/user/profile/56df596faed7581736078e98,8500.0,81000.0,900.0,900.0,通过,1370.0,346.0,1.83,,61.02,待补数据,海外留学生；参考合作形式：视频；阅读中位数 1370.0；互动中位数 346.0
pgy-ref:5e9bd0520000000001009160,Rubinae.Y,海外留学生,海外留学生、听课宝参考优质达人、留学/海外身份,https://pgy.xiaohongshu.com/solar/pre-trade/blogger-detail/5e9bd0520000000001009160?track_id=kolMatch_bfcbb4e848944f24b0157a786d5a96bf&fromRoute=Advertiser_Kol&source=Advertiser_Kol,https://www.xiaohongshu.com/user/profile/5e9bd0520000000001009160,2600.0,20000.0,600.0,600.0,通过,3299.0,369.0,1.08,,24.57,待补数据,海外留学生；参考合作形式：视频；阅读中位数 3299.0；互动中位数 369.0
pgy-ref:5cc8ed94000000001203f50e,Noraaa-,海外留学生,海外留学生、听课宝参考优质达人、留学/海外身份,https://pgy.xiaohongshu.com/solar/pre-trade/blogger-detail/5cc8ed94000000001203f50e?track_id=kolMatch_bfcbb4e848944f24b0157a786d5a96bf&fromRoute=Advertiser_Kol&source=Advertiser_Kol,https://www.xiaohongshu.com/user/profile/5cc8ed94000000001203f50e,6000.0,60000.0,750.0,750.0,通过,16337.0,885.0,0.47,,6.64,待补数据,海外留学生；参考合作形式：视频；阅读中位数 16337.0；互动中位数 885.0
pgy-ref:5cfe66ef000000001002b0f7,Ambelll,海外留学生,海外留学生、听课宝参考优质达人、留学/海外身份,https://pgy.xiaohongshu.com/solar/pre-trade/blogger-detail/5cfe66ef000000001002b0f7?track_id=kolSimilar_a79c5deca0af4519b75f5de9ac152b5e&fromRoute=Advertiser_Kol&source=Advertiser_Kol,https://www.xiaohongshu.com/user/profile/5cfe66ef000000001002b0f7,1900.0,23000.0,563.0,563.0,通过,608.0,77.0,2.27,,44.23,待补数据,海外留学生；参考合作形式：视频；阅读中位数 608.0；互动中位数 77.0
pgy-ref:60b19aa10000000001008c62,诗祈,海外留学生,海外留学生、听课宝参考优质达人、留学/海外身份,https://pgy.xiaohongshu.com/solar/pre-trade/blogger-detail/60b19aa10000000001008c62?track_id=kolSimilar_a79c5deca0af4519b75f5de9ac152b5e&fromRoute=Advertiser_Kol&source=Advertiser_Kol,https://www.xiaohongshu.com/user/profile/60b19aa10000000001008c62,1900.0,36000.0,500.0,500.0,通过,1330.0,91.0,3.85,,55.26,待补数据,海外留学生；参考合作形式：视频；阅读中位数 1330.0；互动中位数 91.0
pgy-ref:5b77a988a73ea70001a14425,二琳,海外留学生,海外留学生、听课宝参考优质达人、留学/海外身份,https://pgy.xiaohongshu.com/solar/pre-trade/blogger-detail/5b77a988a73ea70001a14425?track_id=kolSimilar_a79c5deca0af4519b75f5de9ac152b5e&fromRoute=Advertiser_Kol&source=Advertiser_Kol,https://www.xiaohongshu.com/user/profile/5b77a988a73ea70001a14425,2700.0,19000.0,850.0,850.0,通过,3865.0,615.0,0.65,,17.2,待补数据,海外留学生；参考合作形式：视频；阅读中位数 3865.0；互动中位数 615.0
pgy-ref:6600ef15000000000b00e840,少吃一点Doris🐰,海外留学生,海外留学生、听课宝参考优质达人、留学/海外身份,https://pgy.xiaohongshu.com/solar/pre-trade/blogger-detail/6600ef15000000000b00e840?track_id=kolSimilar_d98295ad79ba470ea4e82d01c1db9cc7&fromRoute=Advertiser_Kol&source=Advertiser_Kol,https://www.xiaohongshu.com/user/profile/6600ef15000000000b00e840,5000.0,16000.0,780.0,780.0,通过,3112.0,621.0,1.6,,31.22,待补数据,海外留学生；参考合作形式：视频；阅读中位数 3112.0；互动中位数 621.0
pgy-ref:601f7f66000000000101d4d8,Coco牌电子榨菜,海外留学生,海外留学生、听课宝参考优质达人、留学/海外身份,https://pgy.xiaohongshu.com/solar/pre-trade/blogger-detail/601f7f66000000000101d4d8?track_id=kolSimilar_d98295ad79ba470ea4e82d01c1db9cc7&fromRoute=Advertiser_Kol&source=Advertiser_Kol,https://www.xiaohongshu.com/user/profile/601f7f66000000000101d4d8,3800.0,23000.0,500.0,500.0,通过,3804.0,473.0,0.63,,17.29,待补数据,海外留学生；参考合作形式：视频；阅读中位数 3804.0；互动中位数 473.0
pgy-ref:5d29de82000000001103be86,03年的活人博主,留学背景,留学背景、听课宝参考优质达人、留学/海外身份,https://pgy.xiaohongshu.com/solar/pre-trade/blogger-detail/5d29de82000000001103be86?track_id=kolSimilar_d2db47d39da448bebb7c57c9fd0691a9&fromRoute=Advertiser_Kol&source=Advertiser_Kol,https://www.xiaohongshu.com/user/profile/5d29de82000000001103be86,4800.0,91000.0,701.0,701.0,通过,2931.0,226.0,2.54,,32.25,待补数据,留学背景；参考合作形式：视频；阅读中位数 2931.0；互动中位数 226.0
pgy-ref:5b7675cb39c754000105fb1f,爱吃巧克力的兔兔鱼,海外留学生,海外留学生、听课宝参考优质达人、留学/海外身份,https://pgy.xiaohongshu.com/solar/pre-trade/blogger-detail/5b7675cb39c754000105fb1f?track_id=kolSimilar_d2db47d39da448bebb7c57c9fd0691a9&fromRoute=Advertiser_Kol&source=Advertiser_Kol,https://www.xiaohongshu.com/user/profile/5b7675cb39c754000105fb1f,2100.0,25000.0,750.0,750.0,通过,977.0,68.0,5.84,,57.38,待补数据,海外留学生；参考合作形式：视频；阅读中位数 977.0；互动中位数 68.0
pgy-ref:65d80bd2000000000503251f,June,海外留学生,海外留学生、听课宝参考优质达人、留学/海外身份,https://pgy.xiaohongshu.com/solar/pre-trade/blogger-detail/65d80bd2000000000503251f?track_id=kolSimilar_48a91b3a3e9548389887e41a32085006&fromRoute=Advertiser_Kol&source=Advertiser_Kol,https://www.xiaohongshu.com/user/profile/65d80bd2000000000503251f,4600.0,123000.0,350.0,,通过,2319.0,398.0,0.88,38.9,,待补数据,海外留学生；参考合作形式：图文；阅读中位数 2319.0；互动中位数 398.0
pgy-ref:57581acb6a6a69679eb32f46,小羊学习日记📒,海外留学生,海外留学生、听课宝参考优质达人、留学/海外身份,https://pgy.xiaohongshu.com/solar/pre-trade/blogger-detail/57581acb6a6a69679eb32f46?track_id=kolGeneralSearch_0a0ec32c8dd1456c9ad09166716def66&fromRoute=Advertiser_Kol&source=Advertiser_Kol,https://www.xiaohongshu.com/user/profile/57581acb6a6a69679eb32f46,3500.0,62000.0,220.0,,通过,548.0,93.0,4.35,124.54,,待补数据,海外留学生；参考合作形式：图文；阅读中位数 548.0；互动中位数 93.0
pgy-ref:68568e3e000000001d00a2aa,Carrots,海外留学生,海外留学生、听课宝参考优质达人、留学/海外身份,https://pgy.xiaohongshu.com/solar/pre-trade/blogger-detail/68568e3e000000001d00a2aa?track_id=kolSimilar_ac5cac7d4c60494b8c988e168ab60976&fromRoute=Advertiser_Kol&source=Advertiser_Kol,https://www.xiaohongshu.com/user/profile/68568e3e000000001d00a2aa,2700.0,35000.0,400.0,400.0,通过,2606.0,428.0,0.98,,30.65,待补数据,海外留学生；参考合作形式：视频；阅读中位数 2606.0；互动中位数 428.0
pgy-ref:5e88395d0000000001000f7a,Anan,留学背景,留学背景、听课宝参考优质达人、留学/海外身份,https://pgy.xiaohongshu.com/solar/pre-trade/blogger-detail/5e88395d0000000001000f7a?track_id=kolSimilar_9b526f2fb8d844869761dff840e68bd6&fromRoute=Advertiser_Kol&source=Advertiser_Kol,https://www.xiaohongshu.com/user/profile/5e88395d0000000001000f7a,2700.0,33000.0,500.0,500.0,通过,7314.0,256.0,2.14,,36.59,待补数据,留学背景；参考合作形式：视频；阅读中位数 7314.0；互动中位数 256.0
pgy-ref:62d795bb000000000e00efbd,Xxxxxi汐🎧,海外留学生,海外留学生、听课宝参考优质达人、留学/海外身份,https://pgy.xiaohongshu.com/solar/pre-trade/blogger-detail/62d795bb000000000e00efbd?track_id=kolSimilar_9b526f2fb8d844869761dff840e68bd6&fromRoute=Advertiser_Kol&source=Advertiser_Kol,https://www.xiaohongshu.com/user/profile/62d795bb000000000e00efbd,3300.0,45000.0,350.0,350.0,通过,923.0,87.0,2.41,,43.22,待补数据,海外留学生；参考合作形式：视频；阅读中位数 923.0；互动中位数 87.0
pgy-ref:5dfccb5a00000000010034ad,Fiona_无语白,海外留学生,海外留学生、听课宝参考优质达人、留学/海外身份,https://pgy.xiaohongshu.com/solar/pre-trade/blogger-detail/5dfccb5a00000000010034ad?track_id=kolSimilar_f4147fc2f5564cc3b22e0d3fc000e974&fromRoute=Advertiser_Kol&source=Advertiser_Kol,https://www.xiaohongshu.com/user/profile/5dfccb5a00000000010034ad,1500.0,19000.0,400.0,400.0,通过,2007.0,447.0,1.15,,38.46,待补数据,海外留学生；参考合作形式：视频；阅读中位数 2007.0；互动中位数 447.0
pgy-ref:5ccdb1a9000000001200d60a,海上月,留学背景,留学背景、听课宝参考优质达人、留学/海外身份,https://pgy.xiaohongshu.com/solar/pre-trade/blogger-detail/5ccdb1a9000000001200d60a?track_id=kolMatch_ec83e1233b844d608689d0a1c26c816e&fromRoute=Advertiser_Kol&source=Advertiser_Kol,https://www.xiaohongshu.com/user/profile/5ccdb1a9000000001200d60a,1900.0,48000.0,360.0,,通过,1938.0,76.0,4.74,40.1,,待补数据,留学背景；参考合作形式：图文；阅读中位数 1938.0；互动中位数 76.0
pgy-ref:608b73bc000000000100184f,Mdsss,留学背景,留学背景、听课宝参考优质达人、留学/海外身份,https://pgy.xiaohongshu.com/solar/pre-trade/blogger-detail/608b73bc000000000100184f?track_id=kolSimilar_08c7de9ee90e4689b1241ebfbcd1d9f2&fromRoute=Advertiser_Kol&source=Advertiser_Kol,https://www.xiaohongshu.com/user/profile/608b73bc000000000100184f,5000.0,23000.0,800.0,800.0,通过,2398.0,317.0,2.05,,38.05,待补数据,留学背景；参考合作形式：视频；阅读中位数 2398.0；互动中位数 317.0
pgy-ref:612872770000000001007c55,好运查莉,海外留学生,海外留学生、听课宝参考优质达人、留学/海外身份,https://pgy.xiaohongshu.com/solar/pre-trade/blogger-detail/612872770000000001007c55?track_id=kolSimilar_836852cac78f4682924c733c7e76e416&fromRoute=Advertiser_Kol&source=Advertiser_Kol,https://www.xiaohongshu.com/user/profile/612872770000000001007c55,6200.0,117000.0,500.0,500.0,通过,931.0,133.0,3.76,,109.63,待补数据,海外留学生；参考合作形式：视频；阅读中位数 931.0；互动中位数 133.0
pgy-ref:66f4900a000000001d032929,龙虾堡不想吃鱼,海外留学生,海外留学生、听课宝参考优质达人、留学/海外身份,https://pgy.xiaohongshu.com/solar/pre-trade/blogger-detail/66f4900a000000001d032929?track_id=kolSimilar_8ca585b0630b493da9084a7d3c6cde45&fromRoute=Advertiser_Kol&source=Advertiser_Kol,https://www.xiaohongshu.com/user/profile/66f4900a000000001d032929,5000.0,48000.0,1000.0,1000.0,通过,4167.0,1300.0,3.16,,34.13,待补数据,海外留学生；参考合作形式：视频；阅读中位数 4167.0；互动中位数 1300.0
pgy-ref:63eda7f0000000001001c12e,学习浓度99%,留学背景,留学背景、听课宝参考优质达人、留学/海外身份,https://pgy.xiaohongshu.com/solar/pre-trade/blogger-detail/63eda7f0000000001001c12e?track_id=kolSimilar_7dd87981e00d4e46b7c732f2729cd937&fromRoute=Advertiser_Kol&source=Advertiser_Kol,https://www.xiaohongshu.com/user/profile/63eda7f0000000001001c12e,5600.000000000001,56000.0,549.0,549.0,通过,2284.0,142.0,3.51,,39.34,待补数据,留学背景；参考合作形式：视频；阅读中位数 2284.0；互动中位数 142.0
pgy-ref:5c9a97fe00000000120305f3,Judyyy,留学背景,留学背景、听课宝参考优质达人、留学/海外身份,https://pgy.xiaohongshu.com/solar/pre-trade/blogger-detail/5c9a97fe00000000120305f3?track_id=kolSimilar_2ed38988c50c458985870d5a9c255996&fromRoute=Advertiser_Kol&source=Advertiser_Kol,https://www.xiaohongshu.com/user/profile/5c9a97fe00000000120305f3,7300.0,45000.0,850.0,850.0,通过,2681.0,347.0,1.73,,37.93,待补数据,留学背景；参考合作形式：视频；阅读中位数 2681.0；互动中位数 347.0
pgy-ref:5c5bf98b000000001d02678e,fancysdiary.,留学背景,留学背景、听课宝参考优质达人、留学/海外身份,https://pgy.xiaohongshu.com/solar/pre-trade/blogger-detail/5c5bf98b000000001d02678e?track_id=kolSimilar_0d62b5b439b8427e9c77447d93d2324f&fromRoute=Advertiser_Kol&source=Advertiser_Kol,https://www.xiaohongshu.com/user/profile/5c5bf98b000000001d02678e,8000.0,66000.0,1000.0,1000.0,通过,2069.0,327.0,2.45,,79.51,待补数据,留学背景；参考合作形式：视频；阅读中位数 2069.0；互动中位数 327.0
pgy-ref:643baec3000000001400d3c8,屿小屿,海外留学生,海外留学生、听课宝参考优质达人、留学/海外身份,https://pgy.xiaohongshu.com/solar/pre-trade/blogger-detail/643baec3000000001400d3c8?track_id=kolSimilar_b26dbc8bfaf74363aa92d66545036ddc&fromRoute=Advertiser_Kol&source=Advertiser_Kol,https://www.xiaohongshu.com/user/profile/643baec3000000001400d3c8,9300.0,119000.0,1000.0,,通过,4117.0,344.0,3.0,42.91,,待补数据,海外留学生；参考合作形式：图文；阅读中位数 4117.0；互动中位数 344.0
pgy-ref:66deaaae000000001d020c2f,小王在写呢,海外留学生,海外留学生、听课宝参考优质达人、留学/海外身份,https://pgy.xiaohongshu.com/solar/pre-trade/blogger-detail/66deaaae000000001d020c2f?track_id=kolSimilar_b26dbc8bfaf74363aa92d66545036ddc&fromRoute=Advertiser_Kol&source=Advertiser_Kol,https://www.xiaohongshu.com/user/profile/66deaaae000000001d020c2f,4600.0,34000.0,358.0,358.0,通过,2364.0,200.0,1.25,,15.87,待补数据,海外留学生；参考合作形式：视频；阅读中位数 2364.0；互动中位数 200.0
pgy-ref:5e8e7d8e0000000001004247,Kayla,留学背景,留学背景、听课宝参考优质达人、留学/海外身份,https://pgy.xiaohongshu.com/solar/pre-trade/blogger-detail/5e8e7d8e0000000001004247?track_id=kolSimilar_b26dbc8bfaf74363aa92d66545036ddc&fromRoute=Advertiser_Kol&source=Advertiser_Kol,https://www.xiaohongshu.com/user/profile/5e8e7d8e0000000001004247,3100.0,61000.0,361.0,361.0,通过,4003.0,921.0,0.41,,20.49,待补数据,留学背景；参考合作形式：视频；阅读中位数 4003.0；互动中位数 921.0
pgy-ref:5b863a65b2063e00013d39dc,yum_ham🍳,海外留学生,海外留学生、听课宝参考优质达人、留学/海外身份,https://pgy.xiaohongshu.com/solar/pre-trade/blogger-detail/5b863a65b2063e00013d39dc?track_id=kolMatch_469c0b55317e4002b677aee0011f9f38&fromRoute=Advertiser_Kol&source=Advertiser_Kol,https://www.xiaohongshu.com/user/profile/5b863a65b2063e00013d39dc,4000.0,60000.0,500.0,500.0,通过,438.0,75.0,4.27,,117.37,待补数据,海外留学生；参考合作形式：视频；阅读中位数 438.0；互动中位数 75.0
pgy-ref:664f512b0000000007006d46,VvV,海外留学生,海外留学生、听课宝参考优质达人、留学/海外身份,https://pgy.xiaohongshu.com/solar/pre-trade/blogger-detail/664f512b0000000007006d46?track_id=kolMatch_469c0b55317e4002b677aee0011f9f38&fromRoute=Advertiser_Kol&source=Advertiser_Kol,https://www.xiaohongshu.com/user/profile/664f512b0000000007006d46,2400.0,26000.0,400.0,400.0,通过,2013.0,197.0,1.27,,24.63,待补数据,海外留学生；参考合作形式：视频；阅读中位数 2013.0；互动中位数 197.0
pgy-ref:5e980b3e00000000010027f6,又丢了,留学背景,留学背景、听课宝参考优质达人、留学/海外身份,https://pgy.xiaohongshu.com/solar/pre-trade/blogger-detail/5e980b3e00000000010027f6?track_id=kolSimilar_80aad08639be462985a9ef223a888629&fromRoute=Advertiser_Kol&source=Advertiser_Kol,https://www.xiaohongshu.com/user/profile/5e980b3e00000000010027f6,8400.0,225000.0,700.0,,通过,3486.0,546.0,1.69,50.07,,待补数据,留学背景；参考合作形式：图文；阅读中位数 3486.0；互动中位数 546.0
pgy-ref:5ff6b5f2000000000101e5f3,豆饼星球站,海外留学生,海外留学生、听课宝参考优质达人、留学/海外身份,https://pgy.xiaohongshu.com/solar/pre-trade/blogger-detail/5ff6b5f2000000000101e5f3?track_id=kolSimilar_914f150cd29643098c0d1e4b7970deeb&fromRoute=Advertiser_Kol&source=Advertiser_Kol,https://www.xiaohongshu.com/user/profile/5ff6b5f2000000000101e5f3,30000.0,939000.0,1500.0,,超预算,9613.0,2868.0,0.31,14.69,,待补数据,海外留学生；参考合作形式：图文；阅读中位数 9613.0；互动中位数 2868.0
pgy-ref:616cee43000000000201ebad,阿宝coab,海外留学生,海外留学生、听课宝参考优质达人、留学/海外身份,https://pgy.xiaohongshu.com/solar/pre-trade/blogger-detail/616cee43000000000201ebad?track_id=kolSimilar_914f150cd29643098c0d1e4b7970deeb&fromRoute=Advertiser_Kol&source=Advertiser_Kol,https://www.xiaohongshu.com/user/profile/616cee43000000000201ebad,8100.000000000001,261000.0,512.0,,通过,3252.0,583.0,0.88,20.93,,待补数据,海外留学生；参考合作形式：图文；阅读中位数 3252.0；互动中位数 583.0
pgy-ref:622f17210000000010007415,menggg,海外留学生,海外留学生、听课宝参考优质达人、留学/海外身份,https://pgy.xiaohongshu.com/solar/pre-trade/blogger-detail/622f17210000000010007415?track_id=kolMatch_51a90fc730eb4d1c8afa144585e392ba&fromRoute=Advertiser_Kol&source=Advertiser_Kol,https://www.xiaohongshu.com/user/profile/622f17210000000010007415,9300.0,60000.0,700.0,,通过,8934.0,147.0,5.75,27.73,,待补数据,海外留学生；参考合作形式：图文；阅读中位数 8934.0；互动中位数 147.0
pgy-ref:5c2f0190000000000501632d,瑶瑶Yaoo,海外留学生,海外留学生、听课宝参考优质达人、留学/海外身份,https://pgy.xiaohongshu.com/solar/pre-trade/blogger-detail/5c2f0190000000000501632d?track_id=kolSimilar_f2a35be89f5a403dbe8efc0fe5cee485&fromRoute=Advertiser_Kol&source=Advertiser_Kol,https://www.xiaohongshu.com/user/profile/5c2f0190000000000501632d,4400.0,54000.0,970.0,970.0,通过,3666.0,755.0,2.1,,57.18,待补数据,海外留学生；参考合作形式：视频；阅读中位数 3666.0；互动中位数 755.0
pgy-ref:60c1b1780000000001007e21,卡汁,海外留学生,海外留学生、听课宝参考优质达人、留学/海外身份,https://pgy.xiaohongshu.com/solar/pre-trade/blogger-detail/60c1b1780000000001007e21?track_id=kolSimilar_f2a35be89f5a403dbe8efc0fe5cee485&fromRoute=Advertiser_Kol&source=Advertiser_Kol,https://www.xiaohongshu.com/user/profile/60c1b1780000000001007e21,1900.0,13000.0,720.0,720.0,通过,2592.0,272.0,1.65,,74.05,待补数据,海外留学生；参考合作形式：视频；阅读中位数 2592.0；互动中位数 272.0
pgy-ref:59355ed75e87e71ec27163bb,ChristinaChex,海外留学生,海外留学生、听课宝参考优质达人、留学/海外身份,https://pgy.xiaohongshu.com/solar/pre-trade/blogger-detail/59355ed75e87e71ec27163bb?track_id=kolSimilar_f2a35be89f5a403dbe8efc0fe5cee485&fromRoute=Advertiser_Kol&source=Advertiser_Kol,https://www.xiaohongshu.com/user/profile/59355ed75e87e71ec27163bb,5000.0,53000.0,1100.0,1100.0,超预算,819.0,120.0,4.56,,131.85,待补数据,海外留学生；参考合作形式：视频；阅读中位数 819.0；互动中位数 120.0
pgy-ref:5adc8d9111be106485ef79f6,kaonichiwa,海外留学生,海外留学生、听课宝参考优质达人、留学/海外身份,https://pgy.xiaohongshu.com/solar/pre-trade/blogger-detail/5adc8d9111be106485ef79f6?track_id=kolSimilar_a02b739673224eb6a78df4be988f8b4d&fromRoute=Advertiser_Kol&source=Advertiser_Kol,https://www.xiaohongshu.com/user/profile/5adc8d9111be106485ef79f6,2100.0,43000.0,550.0,550.0,通过,757.0,88.0,4.89,,38.18,待补数据,海外留学生；参考合作形式：视频；阅读中位数 757.0；互动中位数 88.0
pgy-ref:5ba466be3046ad0001f84839,Sandy庄庄,海外留学生,海外留学生、听课宝参考优质达人、留学/海外身份,https://pgy.xiaohongshu.com/solar/pre-trade/blogger-detail/5ba466be3046ad0001f84839?track_id=kolSimilar_895ebd81644d4dcdbe42e12c19ede9e2&fromRoute=Advertiser_Kol&source=Advertiser_Kol,https://www.xiaohongshu.com/user/profile/5ba466be3046ad0001f84839,5400.0,48000.0,780.0,780.0,通过,1279.0,79.0,7.06,,82.75,待补数据,海外留学生；参考合作形式：视频；阅读中位数 1279.0；互动中位数 79.0
pgy-ref:5d2205d100000000160269fa,aronnnuo,海外留学生,海外留学生、听课宝参考优质达人、留学/海外身份,https://pgy.xiaohongshu.com/solar/pre-trade/blogger-detail/5d2205d100000000160269fa?track_id=kolSimilar_895ebd81644d4dcdbe42e12c19ede9e2&fromRoute=Advertiser_Kol&source=Advertiser_Kol,https://www.xiaohongshu.com/user/profile/5d2205d100000000160269fa,7000.0,139000.0,700.0,,通过,17022.0,2257.0,0.31,8.45,,待补数据,海外留学生；参考合作形式：图文；阅读中位数 17022.0；互动中位数 2257.0
pgy-ref:6103788e0000000001006c94,轻武器_757,海外留学生,海外留学生、听课宝参考优质达人、留学/海外身份,https://pgy.xiaohongshu.com/solar/pre-trade/blogger-detail/6103788e0000000001006c94?track_id=kolSimilar_a977878639c54bf5aad7cd393960b38c&fromRoute=Advertiser_Kol&source=Advertiser_Kol,https://www.xiaohongshu.com/user/profile/6103788e0000000001006c94,1800.0,13000.0,500.0,,通过,12129.0,789.0,0.63,8.86,,待补数据,海外留学生；参考合作形式：图文；阅读中位数 12129.0；互动中位数 789.0
pgy-ref:63ca185d0000000026004212,一只Flochi,海外留学生,海外留学生、听课宝参考优质达人、留学/海外身份,https://pgy.xiaohongshu.com/solar/pre-trade/blogger-detail/63ca185d0000000026004212?track_id=kolSimilar_2862b0fd894e4d748f60d0e00d95a139&fromRoute=Advertiser_Kol&source=Advertiser_Kol,https://www.xiaohongshu.com/user/profile/63ca185d0000000026004212,5500.0,15000.0,400.0,400.0,通过,1491.0,398.0,1.11,,63.69,待补数据,海外留学生；参考合作形式：视频；阅读中位数 1491.0；互动中位数 398.0
pgy-ref:5d211d420000000012025568,Augenstern,海外留学生,海外留学生、听课宝参考优质达人、留学/海外身份,https://pgy.xiaohongshu.com/solar/pre-trade/blogger-detail/5d211d420000000012025568?track_id=kolSimilar_3516864b06364fb692bb775a846ddb20&fromRoute=Advertiser_Kol&source=Advertiser_Kol,https://www.xiaohongshu.com/user/profile/5d211d420000000012025568,13000.0,163000.0,1000.0,,通过,1522.0,171.0,5.85,134.33,,待补数据,海外留学生；参考合作形式：图文；阅读中位数 1522.0；互动中位数 171.0
pgy-ref:5c653c7900000000100056f6,小猪joyce,海外留学生,海外留学生、听课宝参考优质达人、留学/海外身份,https://pgy.xiaohongshu.com/solar/pre-trade/blogger-detail/5c653c7900000000100056f6?track_id=kolSimilar_3516864b06364fb692bb775a846ddb20&fromRoute=Advertiser_Kol&source=Advertiser_Kol,https://www.xiaohongshu.com/user/profile/5c653c7900000000100056f6,14000.0,194000.0,650.0,,通过,3518.0,443.0,1.61,36.12,,待补数据,海外留学生；参考合作形式：图文；阅读中位数 3518.0；互动中位数 443.0
pgy-ref:628720ac00000000210263dc,一条咸芋,海外留学生,海外留学生、听课宝参考优质达人、留学/海外身份,https://pgy.xiaohongshu.com/solar/pre-trade/blogger-detail/628720ac00000000210263dc?track_id=kolSimilar_8215d7de580a4d77880a439c837ad369&fromRoute=Advertiser_Kol&source=Advertiser_Kol,https://www.xiaohongshu.com/user/profile/628720ac00000000210263dc,42000.0,342000.0,1600.0,1600.0,超预算,7219.0,465.0,1.08,,21.29,待补数据,海外留学生；参考合作形式：视频；阅读中位数 7219.0；互动中位数 465.0
pgy-ref:60a25e91000000000101f567,Aymee,海外留学生,海外留学生、听课宝参考优质达人、留学/海外身份,https://pgy.xiaohongshu.com/solar/pre-trade/blogger-detail/60a25e91000000000101f567?track_id=kolMatch_a4cbafe7f6064784aecd7c51c388adb7&fromRoute=Advertiser_Kol&source=Advertiser_Kol,https://www.xiaohongshu.com/user/profile/60a25e91000000000101f567,2700.0,43000.0,330.0,,通过,465.0,92.0,3.58,121.64,,待补数据,海外留学生；参考合作形式：图文；阅读中位数 465.0；互动中位数 92.0
pgy-ref:68575ca8000000001d017cf5,偷吃奶酪的汤姆猫🧀,海外留学生,海外留学生、听课宝参考优质达人、留学/海外身份,https://pgy.xiaohongshu.com/solar/pre-trade/blogger-detail/68575ca8000000001d017cf5?track_id=kolMatch_a4cbafe7f6064784aecd7c51c388adb7&fromRoute=Advertiser_Kol&source=Advertiser_Kol,https://www.xiaohongshu.com/user/profile/68575ca8000000001d017cf5,2200.0,11000.0,450.0,450.0,通过,5971.0,815.0,0.4,,8.75,待补数据,海外留学生；参考合作形式：视频；阅读中位数 5971.0；互动中位数 815.0
pgy-ref:66ddf937000000001d020eaa,抹茶豆沙包,海外留学生,海外留学生、听课宝参考优质达人、留学/海外身份,https://pgy.xiaohongshu.com/solar/pre-trade/blogger-detail/66ddf937000000001d020eaa?track_id=kolMatch_a4cbafe7f6064784aecd7c51c388adb7&fromRoute=Advertiser_Kol&source=Advertiser_Kol,https://www.xiaohongshu.com/user/profile/66ddf937000000001d020eaa,2700.0,4700.0,250.0,250.0,通过,1014.0,37.0,6.67,,50.68,待补数据,海外留学生；参考合作形式：视频；阅读中位数 1014.0；互动中位数 37.0
pgy-ref:618cad750000000010009cff,Chen.slife,海外留学生,海外留学生、听课宝参考优质达人、留学/海外身份,https://pgy.xiaohongshu.com/solar/pre-trade/blogger-detail/618cad750000000010009cff?track_id=kolSimilar_aa414d884dc441d386882f4fa60115a8&fromRoute=Advertiser_Kol&source=Advertiser_Kol,https://www.xiaohongshu.com/user/profile/618cad750000000010009cff,6800.000000000001,297000.0,600.0,,通过,1551.0,178.0,3.37,74.57,,待补数据,海外留学生；参考合作形式：图文；阅读中位数 1551.0；互动中位数 178.0
pgy-ref:5dbcfd340000000001000c48,Medstudy.diary,海外留学生,海外留学生、听课宝参考优质达人、留学/海外身份,https://pgy.xiaohongshu.com/solar/pre-trade/blogger-detail/5dbcfd340000000001000c48?track_id=kolSimilar_c89c7cc294d14ed396ea174a973521d2&fromRoute=Advertiser_Kol&source=Advertiser_Kol,https://www.xiaohongshu.com/user/profile/5dbcfd340000000001000c48,1300.0,7500.0,650.0,650.0,通过,548.0,72.0,4.86,,145.65,待补数据,海外留学生；参考合作形式：视频；阅读中位数 548.0；互动中位数 72.0
pgy-ref:5e64bc4800000000010043e2,十二叁,留学背景,留学背景、听课宝参考优质达人、留学/海外身份,https://pgy.xiaohongshu.com/solar/pre-trade/blogger-detail/5e64bc4800000000010043e2?track_id=kolMatch_0f77dac5045144b58df547e14de9ab91&fromRoute=Advertiser_Kol&source=Advertiser_Kol,https://www.xiaohongshu.com/user/profile/5e64bc4800000000010043e2,5800.0,268000.0,1500.0,1500.0,超预算,2441.0,637.0,1.73,,64.8,待补数据,留学背景；参考合作形式：视频；阅读中位数 2441.0；互动中位数 637.0
pgy-ref:5b7c3dda35e3d800017d1654,酥味鸭Sylvia,留学背景,留学背景、听课宝参考优质达人、留学/海外身份,https://pgy.xiaohongshu.com/solar/pre-trade/blogger-detail/5b7c3dda35e3d800017d1654?track_id=kolSimilar_e37aa14b32df41dca3e0d00d13a7f1eb&source=Advertiser_Similar_Kol,https://www.xiaohongshu.com/user/profile/5b7c3dda35e3d800017d1654,4600.0,61000.0,900.0,900.0,通过,4901.0,117.0,4.27,,27.81,待补数据,留学背景；参考合作形式：视频；阅读中位数 4901.0；互动中位数 117.0
pgy-ref:63cf88d30000000026012a84,学英语的只只呀～,留学背景,留学背景、听课宝参考优质达人、留学/海外身份,https://pgy.xiaohongshu.com/solar/pre-trade/blogger-detail/63cf88d30000000026012a84?track_id=kolSimilar_1cc92ae2513a427b9b3e2be45b03ce3f&fromRoute=Advertiser_Kol&source=Advertiser_Kol,https://www.xiaohongshu.com/user/profile/63cf88d30000000026012a84,46000.0,194000.0,250.0,,通过,3671.0,1094.0,0.23,5.17,,待补数据,留学背景；参考合作形式：图文；阅读中位数 3671.0；互动中位数 1094.0
pgy-ref:612428a00000000001017af0,Raydeng,海外留学生,海外留学生、听课宝参考优质达人、留学/海外身份,https://pgy.xiaohongshu.com/solar/pre-trade/blogger-detail/612428a00000000001017af0?track_id=kolSimilar_1cc92ae2513a427b9b3e2be45b03ce3f&fromRoute=Advertiser_Kol&source=Advertiser_Kol,https://www.xiaohongshu.com/user/profile/612428a00000000001017af0,4700.0,102000.0,450.0,450.0,通过,2793.0,431.0,0.49,,17.76,待补数据,海外留学生；参考合作形式：视频；阅读中位数 2793.0；互动中位数 431.0
pgy-ref:61c5e6c20000000021023f80,万万别着急,留学背景,留学背景、听课宝参考优质达人、留学/海外身份,https://pgy.xiaohongshu.com/solar/pre-trade/blogger-detail/61c5e6c20000000021023f80?track_id=kolSimilar_07e08423f3b94e4a89c5f2788fccdb37&fromRoute=Advertiser_Kol&source=Advertiser_Kol,https://www.xiaohongshu.com/user/profile/61c5e6c20000000021023f80,8500.0,270000.0,600.0,,通过,8415.0,556.0,1.08,13.14,,待补数据,留学背景；参考合作形式：图文；阅读中位数 8415.0；互动中位数 556.0
pgy-ref:5f0f104f000000000101c987,春梨要早睡,留学背景,留学背景、听课宝参考优质达人、留学/海外身份,https://pgy.xiaohongshu.com/solar/pre-trade/blogger-detail/5f0f104f000000000101c987?track_id=kolSimilar_f5ae3a91f4d54c4c85d025cc204423ea&fromRoute=Advertiser_Kol&source=Advertiser_Kol,https://www.xiaohongshu.com/user/profile/5f0f104f000000000101c987,3100.0,76000.0,650.0,650.0,通过,4338.0,277.0,1.26,,18.39,待补数据,留学背景；参考合作形式：视频；阅读中位数 4338.0；互动中位数 277.0
pgy-ref:60cf01e0000000002002d618,lunaqv_,海外留学生,海外留学生、听课宝参考优质达人、留学/海外身份,https://pgy.xiaohongshu.com/solar/pre-trade/blogger-detail/60cf01e0000000002002d618?track_id=kolSimilar_990d0173ff5f4b4b83ebd0b8644d259a&fromRoute=Advertiser_Kol&source=Advertiser_Kol,https://www.xiaohongshu.com/user/profile/60cf01e0000000002002d618,2100.0,30000.0,1100.0,,超预算,1984.0,315.0,3.81,106.22,,待补数据,海外留学生；参考合作形式：图文；阅读中位数 1984.0；互动中位数 315.0
pgy-ref:5d0653870000000012005432,鱼鱼,海外留学生,海外留学生、听课宝参考优质达人、留学/海外身份,https://pgy.xiaohongshu.com/solar/pre-trade/blogger-detail/5d0653870000000012005432?track_id=kolSimilar_5b3ca0ef6d5a4b048d960d6125c5e089&fromRoute=Advertiser_Kol&source=Advertiser_Kol,https://www.xiaohongshu.com/user/profile/5d0653870000000012005432,1500.0,6700.0,600.0,600.0,通过,4949.0,483.0,5.08,,52.26,待补数据,海外留学生；参考合作形式：视频；阅读中位数 4949.0；互动中位数 483.0
pgy-ref:66b23369000000001d0311ab,Jihae_,海外留学生,海外留学生、听课宝参考优质达人、留学/海外身份,https://pgy.xiaohongshu.com/solar/pre-trade/blogger-detail/66b23369000000001d0311ab?track_id=kolSimilar_5b3ca0ef6d5a4b048d960d6125c5e089&fromRoute=Advertiser_Kol&source=Advertiser_Kol,https://www.xiaohongshu.com/user/profile/66b23369000000001d0311ab,2100.0,34000.0,200.0,200.0,通过,2002.0,525.0,0.51,,29.24,待补数据,海外留学生；参考合作形式：视频；阅读中位数 2002.0；互动中位数 525.0
pgy-ref:6534b1b0000000000d0076d5,玖拾7,海外留学生,海外留学生、听课宝参考优质达人、留学/海外身份,https://pgy.xiaohongshu.com/solar/pre-trade/blogger-detail/6534b1b0000000000d0076d5?track_id=kolSimilar_62f9fc0791ff496eb1c1f0a8ffbbe793&fromRoute=Advertiser_Kol&source=Advertiser_Kol,https://www.xiaohongshu.com/user/profile/6534b1b0000000000d0076d5,1800.0,12000.0,189.0,189.0,通过,5267.0,331.0,0.36,,5.07,待补数据,海外留学生；参考合作形式：视频；阅读中位数 5267.0；互动中位数 331.0
pgy-ref:6016146200000000010066d3,kk鱼,留学背景,留学背景、听课宝参考优质达人、留学/海外身份,https://pgy.xiaohongshu.com/solar/pre-trade/blogger-detail/6016146200000000010066d3?track_id=kolSimilar_5fba1e42046f4064b141394fdc01a322&fromRoute=Advertiser_Kol&source=Advertiser_Kol,https://www.xiaohongshu.com/user/profile/6016146200000000010066d3,29000.0,356000.0,1600.0,,超预算,1217.0,178.0,6.06,99.47,,待补数据,留学背景；参考合作形式：图文；阅读中位数 1217.0；互动中位数 178.0
pgy-ref:59a3c8e482ec391abc80a50d,一只贝拉,留学背景,留学背景、听课宝参考优质达人、留学/海外身份,https://pgy.xiaohongshu.com/solar/pre-trade/blogger-detail/59a3c8e482ec391abc80a50d?track_id=kolSimilar_0676e13570284d59a8091dbd7d772b6b&fromRoute=Advertiser_Kol&source=Advertiser_Kol,https://www.xiaohongshu.com/user/profile/59a3c8e482ec391abc80a50d,5699.999999999999,100000.0,680.0,680.0,通过,1751.0,234.0,2.58,,65.87,待补数据,留学背景；参考合作形式：视频；阅读中位数 1751.0；互动中位数 234.0
pgy-ref:620148e80000000010006789,28秒可爱🍥,海外留学生,海外留学生、听课宝参考优质达人、留学/海外身份,https://pgy.xiaohongshu.com/solar/pre-trade/blogger-detail/620148e80000000010006789?track_id=kolSimilar_8468467e936f49aeb87bcde833d1cd1e&fromRoute=Advertiser_Kol&source=Advertiser_Kol,https://www.xiaohongshu.com/user/profile/620148e80000000010006789,10000.0,59000.0,1449.0,,超预算,9536.0,457.0,2.43,20.41,,待补数据,海外留学生；参考合作形式：图文；阅读中位数 9536.0；互动中位数 457.0
pgy-ref:5b17e556f7e8b94fe857f016,王好好,留学背景,留学背景、听课宝参考优质达人、留学/海外身份,https://pgy.xiaohongshu.com/solar/pre-trade/blogger-detail/5b17e556f7e8b94fe857f016?track_id=kolSimilar_9263fd3d8c6548d0b8f4189ad1ec0a7b&fromRoute=Advertiser_Kol&source=Advertiser_Kol,https://www.xiaohongshu.com/user/profile/5b17e556f7e8b94fe857f016,6500.0,133000.0,650.0,650.0,通过,3249.0,808.0,0.66,,26.12,待补数据,留学背景；参考合作形式：视频；阅读中位数 3249.0；互动中位数 808.0
pgy-ref:6964eaa3000000000b039268,猴猴肚肚,留学背景,留学背景、听课宝参考优质达人、留学/海外身份,https://pgy.xiaohongshu.com/solar/pre-trade/blogger-detail/6964eaa3000000000b039268?track_id=kolSimilar_ddf687eeee4f41579c58ba396d9659ae&fromRoute=Advertiser_Kol&source=Advertiser_Kol,https://www.xiaohongshu.com/user/profile/6964eaa3000000000b039268,5400.0,35000.0,750.0,750.0,通过,14536.0,2233.0,0.1,,6.52,待补数据,留学背景；参考合作形式：视频；阅读中位数 14536.0；互动中位数 2233.0
pgy-ref:591f1c6f50c4b4270a29384b,不是个硬汉,海外留学生,海外留学生、听课宝参考优质达人、留学/海外身份,https://pgy.xiaohongshu.com/solar/pre-trade/blogger-detail/591f1c6f50c4b4270a29384b?track_id=kolSimilar_f875c5839a1b4e74aaebc12886a80408&fromRoute=Advertiser_Kol&source=Advertiser_Kol,https://www.xiaohongshu.com/user/profile/591f1c6f50c4b4270a29384b,2600.0,26000.0,500.0,,通过,5029.0,309.0,1.62,17.82,,待补数据,海外留学生；参考合作形式：图文；阅读中位数 5029.0；互动中位数 309.0
pgy-ref:5c2f33aa0000000005024264,小肠原谅小瓜,留学背景,留学背景、听课宝参考优质达人、留学/海外身份,https://pgy.xiaohongshu.com/solar/pre-trade/blogger-detail/5c2f33aa0000000005024264?track_id=kolSimilar_f875c5839a1b4e74aaebc12886a80408&fromRoute=Advertiser_Kol&source=Advertiser_Kol,https://www.xiaohongshu.com/user/profile/5c2f33aa0000000005024264,2400.0,25000.0,500.0,500.0,通过,6915.0,1021.0,1.15,,14.21,待补数据,留学背景；参考合作形式：视频；阅读中位数 6915.0；互动中位数 1021.0
pgy-ref:5c62362f000000001a03acd5,白昼月亮,留学背景,留学背景、听课宝参考优质达人、留学/海外身份,https://pgy.xiaohongshu.com/solar/pre-trade/blogger-detail/5c62362f000000001a03acd5?track_id=kolSimilar_f875c5839a1b4e74aaebc12886a80408&fromRoute=Advertiser_Kol&source=Advertiser_Kol,https://www.xiaohongshu.com/user/profile/5c62362f000000001a03acd5,8300.0,71000.0,1100.0,1100.0,超预算,1168.0,133.0,5.25,,94.99,待补数据,留学背景；参考合作形式：视频；阅读中位数 1168.0；互动中位数 133.0
pgy-ref:5e3a237f00000000010003eb,瞌睡莲,海外留学生,海外留学生、听课宝参考优质达人、留学/海外身份,https://pgy.xiaohongshu.com/solar/pre-trade/blogger-detail/5e3a237f00000000010003eb?track_id=kolSimilar_f875c5839a1b4e74aaebc12886a80408&fromRoute=Advertiser_Kol&source=Advertiser_Kol,https://www.xiaohongshu.com/user/profile/5e3a237f00000000010003eb,5100.0,63000.0,600.0,600.0,通过,1257.0,281.0,1.66,,59.93,待补数据,海外留学生；参考合作形式：视频；阅读中位数 1257.0；互动中位数 281.0
pgy-ref:5e2fe604000000000100b98c,Victoria💜,海外留学生,海外留学生、听课宝参考优质达人、留学/海外身份,https://pgy.xiaohongshu.com/solar/pre-trade/blogger-detail/5e2fe604000000000100b98c?track_id=kolSimilar_1f6a993a8a704366a23938c190add76a&fromRoute=Advertiser_Kol&source=Advertiser_Kol,https://www.xiaohongshu.com/user/profile/5e2fe604000000000100b98c,4900.0,52000.0,700.0,,通过,2275.0,109.0,6.42,52.79,,待补数据,海外留学生；参考合作形式：图文；阅读中位数 2275.0；互动中位数 109.0
pgy-ref:5e755118000000000100739c,乱七八糟炒饭,海外留学生,海外留学生、听课宝参考优质达人、留学/海外身份,https://pgy.xiaohongshu.com/solar/pre-trade/blogger-detail/5e755118000000000100739c?track_id=kolSimilar_1f6a993a8a704366a23938c190add76a&fromRoute=Advertiser_Kol&source=Advertiser_Kol,https://www.xiaohongshu.com/user/profile/5e755118000000000100739c,2200.0,22000.0,300.0,,通过,402.0,52.0,5.77,79.47,,待补数据,海外留学生；参考合作形式：图文；阅读中位数 402.0；互动中位数 52.0
pgy-ref:5d4249a0000000001101d7ea,宣小飽,留学背景,留学背景、听课宝参考优质达人、留学/海外身份,https://pgy.xiaohongshu.com/solar/pre-trade/blogger-detail/5d4249a0000000001101d7ea?track_id=kolSimilar_1619ad54ab1e448d9ab2e0a7749e09e1&fromRoute=Advertiser_Kol&source=Advertiser_Kol,https://www.xiaohongshu.com/user/profile/5d4249a0000000001101d7ea,7500.0,137000.0,500.0,500.0,通过,18379.0,1407.0,0.21,,9.93,待补数据,留学背景；参考合作形式：视频；阅读中位数 18379.0；互动中位数 1407.0
pgy-ref:55f991db67bc6501628d2294,Chris克里斯小元,留学背景,留学背景、听课宝参考优质达人、留学/海外身份,https://pgy.xiaohongshu.com/solar/pre-trade/blogger-detail/55f991db67bc6501628d2294?track_id=kolSimilar_8560e8276a1346e2be7ce9de9b1003dc&fromRoute=Advertiser_Kol&source=Advertiser_Kol,https://www.xiaohongshu.com/user/profile/55f991db67bc6501628d2294,3600.0,13000.0,1500.0,1500.0,超预算,5241.0,904.0,1.68,,74.26,待补数据,留学背景；参考合作形式：视频；阅读中位数 5241.0；互动中位数 904.0
pgy-ref:64c3ceaa000000000b0052ce,艾达同学Ada,留学背景,留学背景、听课宝参考优质达人、留学/海外身份,https://pgy.xiaohongshu.com/solar/pre-trade/blogger-detail/64c3ceaa000000000b0052ce?track_id=kolSimilar_8560e8276a1346e2be7ce9de9b1003dc&fromRoute=Advertiser_Kol&source=Advertiser_Kol,https://www.xiaohongshu.com/user/profile/64c3ceaa000000000b0052ce,6000.0,22000.0,800.0,800.0,通过,619.0,46.0,6.17,,178.93,待补数据,留学背景；参考合作形式：视频；阅读中位数 619.0；互动中位数 46.0
pgy-ref:5ae539e611be106e0e3cef03,喂猪的屁屁,海外留学生,海外留学生、听课宝参考优质达人、留学/海外身份,https://pgy.xiaohongshu.com/solar/pre-trade/blogger-detail/5ae539e611be106e0e3cef03?track_id=kolSimilar_512645345212478c973947c02c68402d&fromRoute=Advertiser_Kol&source=Advertiser_Kol,https://www.xiaohongshu.com/user/profile/5ae539e611be106e0e3cef03,3000.0,49000.0,300.0,,通过,1163.0,106.0,2.82,48.41,,待补数据,海外留学生；参考合作形式：图文；阅读中位数 1163.0；互动中位数 106.0
pgy-ref:5b65608de8ac2b22b0723c26,佳慧,海外留学生,海外留学生、听课宝参考优质达人、留学/海外身份,https://pgy.xiaohongshu.com/solar/pre-trade/blogger-detail/5b65608de8ac2b22b0723c26?track_id=kolMatch_665aa958ac2643db8926ee1c1865777e&fromRoute=Advertiser_Kol&source=Advertiser_Kol,https://www.xiaohongshu.com/user/profile/5b65608de8ac2b22b0723c26,2700.0,15000.0,750.0,750.0,通过,3439.0,390.0,1.16,,18.16,待补数据,海外留学生；参考合作形式：视频；阅读中位数 3439.0；互动中位数 390.0
pgy-ref:60238e44000000000101cbbd,酷盖甜茶,海外留学生,海外留学生、听课宝参考优质达人、留学/海外身份,https://pgy.xiaohongshu.com/solar/pre-trade/blogger-detail/60238e44000000000101cbbd?track_id=kolMatch_665aa958ac2643db8926ee1c1865777e&fromRoute=Advertiser_Kol&source=Advertiser_Kol,https://www.xiaohongshu.com/user/profile/60238e44000000000101cbbd,3900.0,82000.0,728.0,728.0,通过,51297.0,3796.0,0.1,,1.09,待补数据,海外留学生；参考合作形式：视频；阅读中位数 51297.0；互动中位数 3796.0
pgy-ref:5a941b774eacab4646c043d1,双下芭比粥💤,海外留学生,海外留学生、听课宝参考优质达人、留学/海外身份,https://pgy.xiaohongshu.com/solar/pre-trade/blogger-detail/5a941b774eacab4646c043d1?track_id=kolSearch_c8bcaccb015d4afdbc634315fd67fc6b&fromRoute=Advertiser_Kol&source=Advertiser_Kol,https://www.xiaohongshu.com/user/profile/5a941b774eacab4646c043d1,1800.0,46000.0,600.0,600.0,通过,2588.0,90.0,4.42,,41.76,待补数据,海外留学生；参考合作形式：视频；阅读中位数 2588.0；互动中位数 90.0
pgy-ref:6400bd200000000029011360,qq历险记,海外留学生,海外留学生、听课宝参考优质达人、留学/海外身份,https://pgy.xiaohongshu.com/solar/pre-trade/blogger-detail/6400bd200000000029011360?track_id=kolSimilar_99c9bc2ed9c445c1985bfdd9bf618807&fromRoute=Advertiser_Kol&source=Advertiser_Kol,https://www.xiaohongshu.com/user/profile/6400bd200000000029011360,1600.0,23000.0,350.0,,通过,1000.0,63.0,5.56,68.49,,待补数据,海外留学生；参考合作形式：图文；阅读中位数 1000.0；互动中位数 63.0
pgy-ref:5d48312a0000000016022f4c,惹惹,海外留学生,海外留学生、听课宝参考优质达人、留学/海外身份,https://pgy.xiaohongshu.com/solar/pre-trade/blogger-detail/5d48312a0000000016022f4c?track_id=kolSimilar_fbaf0371d4f54e9aa50ff5a3ad08e7ad&fromRoute=Advertiser_Kol&source=Advertiser_Kol,https://www.xiaohongshu.com/user/profile/5d48312a0000000016022f4c,7500.0,28000.0,700.0,,通过,2395.0,526.0,1.46,54.98,,待补数据,海外留学生；参考合作形式：图文；阅读中位数 2395.0；互动中位数 526.0
pgy-ref:5af6300811be1030a6f1b011,匡鲁昂Skye,海外留学生,海外留学生、听课宝参考优质达人、留学/海外身份,https://pgy.xiaohongshu.com/solar/pre-trade/blogger-detail/5af6300811be1030a6f1b011?track_id=kolSimilar_3ba21ee6d0b04d9db763b01c52f84def&fromRoute=Advertiser_Kol&source=Advertiser_Kol,https://www.xiaohongshu.com/user/profile/5af6300811be1030a6f1b011,5100.0,21000.0,400.0,,通过,2007.0,211.0,1.9,35.45,,待补数据,海外留学生；参考合作形式：图文；阅读中位数 2007.0；互动中位数 211.0
pgy-ref:5c4f014b0000000010000d85,Keeee_,海外留学生,海外留学生、听课宝参考优质达人、留学/海外身份,https://pgy.xiaohongshu.com/solar/pre-trade/blogger-detail/5c4f014b0000000010000d85?track_id=kolSimilar_2c7394e14a0e47eeb556720114737e55&fromRoute=Advertiser_Kol&source=Advertiser_Kol,https://www.xiaohongshu.com/user/profile/5c4f014b0000000010000d85,14000.0,30000.0,550.0,,通过,632.0,109.0,5.05,99.95,,待补数据,海外留学生；参考合作形式：图文；阅读中位数 632.0；互动中位数 109.0
pgy-ref:5c00957d44363b055e2f82cd,JoceLyn,海外留学生,海外留学生、听课宝参考优质达人、留学/海外身份,https://pgy.xiaohongshu.com/solar/pre-trade/blogger-detail/5c00957d44363b055e2f82cd?track_id=kolMatch_04c46f8c954145e485d9061d2df223b3&fromRoute=Advertiser_Kol&source=Advertiser_Kol,https://www.xiaohongshu.com/user/profile/5c00957d44363b055e2f82cd,1400.0000000000002,13000.0,350.0,,通过,590.0,56.0,6.25,112.79,,待补数据,海外留学生；参考合作形式：图文；阅读中位数 590.0；互动中位数 56.0
pgy-ref:5c9dfc2a0000000010031a6d,坏羊羊🐏,海外留学生,海外留学生、听课宝参考优质达人、留学/海外身份,https://pgy.xiaohongshu.com/solar/pre-trade/blogger-detail/5c9dfc2a0000000010031a6d?track_id=kolMatch_04c46f8c954145e485d9061d2df223b3&fromRoute=Advertiser_Kol&source=Advertiser_Kol,https://www.xiaohongshu.com/user/profile/5c9dfc2a0000000010031a6d,1900.0,14000.0,400.0,,通过,545.0,85.0,4.68,129.58,,待补数据,海外留学生；参考合作形式：图文；阅读中位数 545.0；互动中位数 85.0
pgy-ref:5b7419bc4c003500016916c4,lalswin,海外留学生,海外留学生、听课宝参考优质达人、留学/海外身份,https://pgy.xiaohongshu.com/solar/pre-trade/blogger-detail/5b7419bc4c003500016916c4?track_id=kolSimilar_59691c4503e646ea880b693aaa965b8d&fromRoute=Advertiser_Kol&source=Advertiser_Kol,https://www.xiaohongshu.com/user/profile/5b7419bc4c003500016916c4,3200.0,20000.0,367.0,,通过,1004.0,60.0,6.12,53.51,,待补数据,海外留学生；参考合作形式：图文；阅读中位数 1004.0；互动中位数 60.0
pgy-ref:5b62a38b11be1013db046b88,要干点啥呢,海外留学生,海外留学生、听课宝参考优质达人、留学/海外身份,https://pgy.xiaohongshu.com/solar/pre-trade/blogger-detail/5b62a38b11be1013db046b88?track_id=kolSimilar_2c7394e14a0e47eeb556720114737e55&fromRoute=Advertiser_Kol&source=Advertiser_Kol,https://www.xiaohongshu.com/user/profile/5b62a38b11be1013db046b88,1900.0,22000.0,216.0,,通过,3208.0,178.0,1.12,25.58,,待补数据,海外留学生；参考合作形式：图文；阅读中位数 3208.0；互动中位数 178.0
pgy-ref:58d4c0c26a6a69534a126f52,羊布白,海外留学生,海外留学生、听课宝参考优质达人、留学/海外身份,https://pgy.xiaohongshu.com/solar/pre-trade/blogger-detail/58d4c0c26a6a69534a126f52?track_id=kolSimilar_2c7394e14a0e47eeb556720114737e55&fromRoute=Advertiser_Kol&source=Advertiser_Kol,https://www.xiaohongshu.com/user/profile/58d4c0c26a6a69534a126f52,3700.0,55000.0,400.0,,通过,2099.0,151.0,3.17,37.03,,待补数据,海外留学生；参考合作形式：图文；阅读中位数 2099.0；互动中位数 151.0
pgy-ref:6201daf600000000100086df,超级艾艾子,留学背景,留学背景、听课宝参考优质达人、留学/海外身份,https://pgy.xiaohongshu.com/solar/pre-trade/blogger-detail/6201daf600000000100086df?track_id=kolSimilar_3c7d5d3bae5946759905422ba8292e1b&fromRoute=Advertiser_Kol&source=Advertiser_Kol,https://www.xiaohongshu.com/user/profile/6201daf600000000100086df,3500.0,62000.0,600.0,600.0,通过,998.0,86.0,3.49,,79.85,待补数据,留学背景；参考合作形式：视频；阅读中位数 998.0；互动中位数 86.0
pgy-ref:5e05a99d000000000100bb6e,在下蕊蕊🌍,留学背景,留学背景、听课宝参考优质达人、留学/海外身份,https://pgy.xiaohongshu.com/solar/pre-trade/blogger-detail/5e05a99d000000000100bb6e?track_id=kolSimilar_be099ebed95448a280b1373e8a66efa4&fromRoute=Advertiser_Kol&source=Advertiser_Kol,https://www.xiaohongshu.com/user/profile/5e05a99d000000000100bb6e,7800.0,72000.0,800.0,800.0,通过,2083.0,287.0,1.97,,32.27,待补数据,留学背景；参考合作形式：视频；阅读中位数 2083.0；互动中位数 287.0
pgy-ref:5b27d9264eacab70f4440aca,kangnila.妮,留学背景,留学背景、听课宝参考优质达人、留学/海外身份,https://pgy.xiaohongshu.com/solar/pre-trade/blogger-detail/5b27d9264eacab70f4440aca?track_id=kolSimilar_e0c4454f6fb54bccac069653c4419b61&fromRoute=Advertiser_Kol&source=Advertiser_Kol,https://www.xiaohongshu.com/user/profile/5b27d9264eacab70f4440aca,5000.0,8800.0,522.0,522.0,通过,2906.0,189.0,4.23,,48.94,待补数据,留学背景；参考合作形式：视频；阅读中位数 2906.0；互动中位数 189.0
pgy-ref:611684c80000000001003fce,cooki71e,海外留学生,海外留学生、听课宝参考优质达人、留学/海外身份,https://pgy.xiaohongshu.com/solar/pre-trade/blogger-detail/611684c80000000001003fce?track_id=kolSimilar_dc0acee2c6da4b2fb0e622392f9c0397&fromRoute=Advertiser_Kol&source=Advertiser_Kol,https://www.xiaohongshu.com/user/profile/611684c80000000001003fce,1800.0,10000.0,338.0,,通过,1014.0,155.0,2.17,48.38,,待补数据,海外留学生；参考合作形式：图文；阅读中位数 1014.0；互动中位数 155.0
pgy-ref:5f8f0292000000000101e2f4,小费feifei,留学背景,留学背景、听课宝参考优质达人、留学/海外身份,https://pgy.xiaohongshu.com/solar/pre-trade/blogger-detail/5f8f0292000000000101e2f4,https://www.xiaohongshu.com/user/profile/5f8f0292000000000101e2f4,2400.0,30000.0,350.0,,通过,975.0,54.0,6.6,77.89,,待补数据,留学背景；参考合作形式：图文；阅读中位数 975.0；互动中位数 54.0
pgy-ref:5a386fa7e8ac2b2736e06d3b,Saki慢慢来,海外留学生,海外留学生、听课宝参考优质达人、留学/海外身份,https://pgy.xiaohongshu.com/solar/pre-trade/blogger-detail/5a386fa7e8ac2b2736e06d3b,https://www.xiaohongshu.com/user/profile/5a386fa7e8ac2b2736e06d3b,2000.0,13000.0,180.0,,通过,4253.0,415.0,2.83,49.41,,待补数据,海外留学生；参考合作形式：图文；阅读中位数 4253.0；互动中位数 415.0
pgy-ref:62131f07000000001000e97b,魏可乐在加拿大,海外留学生,海外留学生、听课宝参考优质达人、留学/海外身份,https://pgy.xiaohongshu.com/solar/pre-trade/blogger-detail/62131f07000000001000e97b,https://www.xiaohongshu.com/user/profile/62131f07000000001000e97b,2600.0,14000.0,700.0,700.0,通过,1442.0,98.0,5.08,,74.5,待补数据,海外留学生；参考合作形式：视频；阅读中位数 1442.0；互动中位数 98.0
pgy-ref:5d18506700000000120224b3,苏姬酱,海外留学生,海外留学生、听课宝参考优质达人、留学/海外身份,https://pgy.xiaohongshu.com/solar/pre-trade/blogger-detail/5d18506700000000120224b3,https://www.xiaohongshu.com/user/profile/5d18506700000000120224b3,5100.0,46000.0,700.0,,通过,4325.0,107.0,6.54,40.19,,待补数据,海外留学生；参考合作形式：图文；阅读中位数 4325.0；互动中位数 107.0
pgy-ref:6101fb8c00000000010076c3,cute killer,留学背景,留学背景、听课宝参考优质达人、留学/海外身份,https://pgy.xiaohongshu.com/solar/pre-trade/blogger-detail/6101fb8c00000000010076c3,https://www.xiaohongshu.com/user/profile/6101fb8c00000000010076c3,7100.0,127000.0,450.0,,通过,26206.0,390.0,2.47,18.04,,待补数据,留学背景；参考合作形式：图文；阅读中位数 26206.0；互动中位数 390.0
pgy-ref:5c23839b000000000700940f,咕咕贝贝,海外留学生,海外留学生、听课宝参考优质达人、留学/海外身份,https://pgy.xiaohongshu.com/solar/pre-trade/blogger-detail/5c23839b000000000700940f,https://www.xiaohongshu.com/user/profile/5c23839b000000000700940f,10000.0,49000.0,750.0,,通过,23643.0,4349.0,0.15,5.88,,待补数据,海外留学生；参考合作形式：图文；阅读中位数 23643.0；互动中位数 4349.0
pgy-ref:646d5fd3000000000f0072bb,晓晓上火,海外留学生,海外留学生、听课宝参考优质达人、留学/海外身份,https://pgy.xiaohongshu.com/solar/pre-trade/blogger-detail/646d5fd3000000000f0072bb,https://www.xiaohongshu.com/user/profile/646d5fd3000000000f0072bb,2200.0,14000.0,260.0,,通过,2276.0,260.0,0.96,27.71,,待补数据,海外留学生；参考合作形式：图文；阅读中位数 2276.0；互动中位数 260.0
pgy-ref:5a7e4ef711be10612aa417b6,Gik- nil,海外留学生,海外留学生、听课宝参考优质达人、留学/海外身份,https://pgy.xiaohongshu.com/solar/pre-trade/blogger-detail/5a7e4ef711be10612aa417b6,https://www.xiaohongshu.com/user/profile/5a7e4ef711be10612aa417b6,7100.0,121000.0,600.0,600.0,通过,2223.0,135.0,2.96,,28.7,待补数据,海外留学生；参考合作形式：视频；阅读中位数 2223.0；互动中位数 135.0
pgy-ref:6549124e00000000300310bc,彦子（在泰留学版）,海外留学生,海外留学生、听课宝参考优质达人、留学/海外身份,https://pgy.xiaohongshu.com/solar/pre-trade/blogger-detail/6549124e00000000300310bc,https://www.xiaohongshu.com/user/profile/6549124e00000000300310bc,7800.0,124000.0,900.0,900.0,通过,1050.0,109.0,5.9,,131.54,待补数据,海外留学生；参考合作形式：视频；阅读中位数 1050.0；互动中位数 109.0
pgy-ref:5d2fc86300000000110087f3,Jzking,留学背景,留学背景、听课宝参考优质达人、留学/海外身份,https://pgy.xiaohongshu.com/solar/pre-trade/blogger-detail/5d2fc86300000000110087f3,https://www.xiaohongshu.com/user/profile/5d2fc86300000000110087f3,9200.0,80000.0,1300.0,1300.0,超预算,3322.0,302.0,2.03,,31.88,待补数据,留学背景；参考合作形式：视频；阅读中位数 3322.0；互动中位数 302.0
pgy-ref:556bbb4b5894463e5667901f,摸鱼小丸子,海外留学生,海外留学生、听课宝参考优质达人、留学/海外身份,https://pgy.xiaohongshu.com/solar/pre-trade/blogger-detail/556bbb4b5894463e5667901f,https://www.xiaohongshu.com/user/profile/556bbb4b5894463e5667901f,3400.0000000000005,24000.0,400.0,,通过,4210.0,225.0,1.17,27.35,,待补数据,海外留学生；参考合作形式：图文；阅读中位数 4210.0；互动中位数 225.0
pgy-ref:5d0fa2ba0000000011001e01,可以每天都吃奥利奥吗,留学背景,留学背景、听课宝参考优质达人、留学/海外身份,https://pgy.xiaohongshu.com/solar/pre-trade/blogger-detail/5d0fa2ba0000000011001e01,https://www.xiaohongshu.com/user/profile/5d0fa2ba0000000011001e01,2500.0,26000.0,300.0,,通过,1859.0,113.0,2.65,27.66,,待补数据,留学背景；参考合作形式：图文；阅读中位数 1859.0；互动中位数 113.0
pgy-ref:6239b350000000001000c288,曼曼向前走,海外留学生,海外留学生、听课宝参考优质达人、留学/海外身份,https://pgy.xiaohongshu.com/solar/pre-trade/blogger-detail/6239b350000000001000c288,https://www.xiaohongshu.com/user/profile/6239b350000000001000c288,4900.0,36000.0,493.0,493.0,通过,9091.0,380.0,1.69,,16.11,待补数据,海外留学生；参考合作形式：视频；阅读中位数 9091.0；互动中位数 380.0
pgy-ref:68309293000000000d0099ec,凍奶茶少甜,留学背景,留学背景、听课宝参考优质达人、留学/海外身份,https://pgy.xiaohongshu.com/solar/pre-trade/blogger-detail/68309293000000000d0099ec,https://www.xiaohongshu.com/user/profile/68309293000000000d0099ec,2400.0,12000.0,350.0,,通过,1782.0,187.0,2.89,57.44,,待补数据,留学背景；参考合作形式：图文；阅读中位数 1782.0；互动中位数 187.0
pgy-ref:66f1285d000000001d02255b,啾啾,留学背景,留学背景、听课宝参考优质达人、留学/海外身份,https://pgy.xiaohongshu.com/solar/pre-trade/blogger-detail/66f1285d000000001d02255b,https://www.xiaohongshu.com/user/profile/66f1285d000000001d02255b,3500.0,20000.0,388.0,388.0,通过,9927.0,413.0,0.7,,13.3,待补数据,留学背景；参考合作形式：视频；阅读中位数 9927.0；互动中位数 413.0
pgy-ref:5b2b307ce8ac2b0874c17dec,Dino_,留学背景,留学背景、听课宝参考优质达人、留学/海外身份,https://pgy.xiaohongshu.com/solar/pre-trade/blogger-detail/5b2b307ce8ac2b0874c17dec,https://www.xiaohongshu.com/user/profile/5b2b307ce8ac2b0874c17dec,15000.0,1839000.0,1300.0,1300.0,超预算,6866.0,524.0,1.15,,67.44,待补数据,留学背景；参考合作形式：视频；阅读中位数 6866.0；互动中位数 524.0
pgy-ref:598839415e87e763baad56b8,Rosalie彤,留学背景,留学背景、听课宝参考优质达人、留学/海外身份,https://pgy.xiaohongshu.com/solar/pre-trade/blogger-detail/598839415e87e763baad56b8?track_id=kolSimilar_e170a1bf95a148fd8ebb991a393f4565&fromRoute=Advertiser_Kol&source=Advertiser_Kol,https://www.xiaohongshu.com/user/profile/598839415e87e763baad56b8,1600.0,36000.0,240.0,,通过,6655.0,261.0,0.92,7.2,,待补数据,留学背景；参考合作形式：图文；阅读中位数 6655.0；互动中位数 261.0
pgy-ref:654241e600000000060053ff,unn,留学背景,留学背景、听课宝参考优质达人、留学/海外身份,https://pgy.xiaohongshu.com/solar/pre-trade/blogger-detail/654241e600000000060053ff?track_id=kolSimilar_e170a1bf95a148fd8ebb991a393f4565&fromRoute=Advertiser_Kol&source=Advertiser_Kol,https://www.xiaohongshu.com/user/profile/654241e600000000060053ff,1200.0,11000.0,300.0,,通过,2066.0,210.0,1.43,33.0,,待补数据,留学背景；参考合作形式：图文；阅读中位数 2066.0；互动中位数 210.0
pgy-ref:65c0e7a40000000011018574,大宝大宝yu💜,留学背景,留学背景、听课宝参考优质达人、留学/海外身份,https://pgy.xiaohongshu.com/solar/pre-trade/blogger-detail/65c0e7a40000000011018574?track_id=kolSimilar_04b1afbcf856439193ba30b58fe2b4b8&fromRoute=Advertiser_Kol&source=Advertiser_Kol,https://www.xiaohongshu.com/user/profile/65c0e7a40000000011018574,4000.0,152000.0,488.0,488.0,通过,1089.0,93.0,2.44,,57.04,待补数据,留学背景；参考合作形式：视频；阅读中位数 1089.0；互动中位数 93.0
pgy-ref:5e2316c70000000001006044,布莱鹅鹅子,海外留学生,海外留学生、听课宝参考优质达人、留学/海外身份,https://pgy.xiaohongshu.com/solar/pre-trade/blogger-detail/5e2316c70000000001006044?track_id=kolSimilar_5abd18c5cc2646ecb34aee856b5e6cc7&fromRoute=Advertiser_Kol&source=Advertiser_Kol,https://www.xiaohongshu.com/user/profile/5e2316c70000000001006044,7200.0,66000.0,400.0,,通过,915.0,138.0,4.53,104.36,,待补数据,海外留学生；参考合作形式：图文；阅读中位数 915.0；互动中位数 138.0
